CV_ID,JD_ID,similarity_score
CV1,JD1,0.47828016966734477
CV1,JD2,0.1607582877462777
CV2,JD1,0.0734104006616502
CV2,JD2,0.2616775680590124
